jmeno,prijimeni,telefonni_cislo,cislo_zamestnance,mesto
Brian,Hall,+421 949 656 098,30,V Praze
Marta,Kolářová,730 456 163,32,V Praze
John,Moravec,725 092 179,33,V Praze
Dominika,Kopecká,722 747 626,34,V Praze
Marcel,Hájek,+421 902 928 669,35,V Praze
Milada,Hernandez,773 373 704,38,V Praze
Catherine,Bender,604 068 460,40,V Praze
Olga,Němcová,+421 914 172 243,41,V Praze
Jeffrey,Šťastný,607 628 821,44,V Praze
Kamila,Říhová,+421 948 396 069,47,V Praze
Jaromír,Miller,+421 912 615 902,49,V Praze
Christopher,Zeman,+421 948 150 084,51,V Praze
Karolína,Short,721 589 083,53,V Praze
Michelle,Vlčková,+421 41 720 7806,54,V Praze
Jeffrey,Pospíšil,+421 55 491 6940,56,V Praze
Ladislav,Blažek,+421 910 274 975,57,V Praze
John,Bailey,775 021 116,58,V Praze
William,Shelton,+421 47 745 8219,60,V Praze
Miroslava,Veselá,774 029 254,62,V Praze
William,Alexander,+421 949 106 724,63,V Praze
Kimberly,Bass,+421 912 169 840,64,V Praze
Nathan,Svoboda,728 710 923,66,V Praze
Luděk,Bartoš,+421 940 700 326,69,V Praze
Dillon,Black,734 300 978,70,V Praze
Robert,Říha,727 351 984,72,V Praze
Steve,Šimek,604 966 101,74,V Praze
Theresa,Kučerová,+421 48 528 0081,76,V Praze
Marta,Butler,+421 944 196 827,78,V Praze
Samantha,Kadlecová,+421 904 841 543,80,V Praze
Stacy,Pospíšilová,727 293 880,3,V Plzňi
Matěj,Král,770 787 377,6,V Plzňi
Amanda,Wilson,+421 52 656 7231,7,V Plzňi
Angel,Wilson,+421 52 135 2491,8,V Plzňi
Jindřich,Howell,+421 39 043 0948,10,V Plzňi
Alexander,Martinez,721 195 689,13,V Plzňi
Radim,Kopecký,+421 917 371 226,16,V Plzňi
Miroslav,Reed,774 829 074,18,V Plzňi
Emilie,Powell,731 380 539,21,V Plzňi
Nikola,Wade,726 763 154,22,V Plzňi
Katherine,Reed,726 214 968,23,V Plzňi
Kayla,Urbanová,737 772 985,24,V Plzňi
Roman,Moreno,722 284 985,26,V Plzňi
Bohumila,Smith,608 121 912,27,V Plzňi
Blažena,Smith,+421 51 828 2591,28,V Plzňi
Phillip,Malý,731 594 560,29,V Plzňi
Nela,Šťastná,728 454 176,83,V Liberci
Heather,Marková,604 404 522,84,V Liberci
Krista,Procházková,+421 50 444 5544,85,V Liberci
Jennifer,Brown,775 545 190,86,V Liberci
Ladislava,Blackwell,+421 913 487 200,87,V Liberci
Robert,Macias,+421 49 929 6856,88,V Liberci
Dana,Reyes,+421 904 153 942,90,V Liberci
Vasyl,Veselý,603 759 413,92,V Liberci
Randy,Veselý,777 149 125,95,V Liberci
Audrey,Allen,+421 908 839 506,96,V Liberci
Ivan,Bartoš,603 226 051,99,V Liberci
